sample_id,subject_id,class_id,split
0,0,1,train
1,0,2,train
2,0,3,train
3,0,4,train
4,0,5,val
5,0,6,train
6,0,7,train
7,0,8,test
8,0,9,train
9,0,10,train
10,0,11,train
11,0,13,train
12,0,14,train
13,0,15,train
14,0,16,val
15,0,17,test
16,0,18,train
17,0,20,train
18,0,21,val
19,0,22,train
20,0,23,train
21,0,24,test
22,0,25,val
23,0,26,train
24,0,27,val
25,0,29,train
26,0,30,train
27,0,31,train
28,0,32,train
29,0,34,train
30,0,36,train
31,0,37,train
32,0,38,train
33,0,39,train
34,0,40,train
35,0,41,train
36,0,43,train
37,0,44,test
38,0,47,train
39,0,48,train
40,0,49,train
41,0,50,train
42,0,51,train
43,0,52,train
44,0,54,test
45,0,55,train
46,0,56,test
47,0,57,train
48,0,58,train
49,0,59,train
50,0,60,train
51,0,61,train
52,0,62,train
53,0,63,val
54,0,64,train
55,0,65,train
56,0,66,train
57,0,67,val
58,0,68,train
59,0,69,train
60,0,70,train
61,0,71,train
62,0,72,train
63,0,74,train
64,0,76,train
65,0,77,train
66,1,1,val
67,1,2,train
68,1,3,train
69,1,4,train
70,1,5,train
71,1,6,train
72,1,7,test
73,1,8,train
74,1,9,train
75,1,11,train
76,1,13,train
77,1,14,train
78,1,15,train
79,1,16,train
80,1,17,val
81,1,18,train
82,1,20,train
83,1,21,train
84,1,22,train
85,1,23,train
86,1,24,train
87,1,26,train
88,1,27,train
89,1,29,train
90,1,30,train
91,1,31,train
92,1,32,val
93,1,34,test
94,1,36,train
95,1,37,train
96,1,38,test
97,1,39,test
98,1,40,train
99,1,41,train
100,1,43,val
101,1,44,train
102,1,47,train
103,1,48,val
104,1,49,train
105,1,50,train
106,1,51,train
107,1,52,train
108,1,55,train
109,1,57,train
110,1,58,train
111,1,59,train
112,1,60,train
113,1,61,val
114,1,62,test
115,1,63,train
116,1,64,train
117,1,65,train
118,1,66,train
119,1,67,train
120,1,68,test
121,1,69,train
122,1,70,train
123,1,72,train
124,1,74,train
125,1,76,train
126,1,77,train
127,2,1,train
128,2,2,train
129,2,3,train
130,2,4,val
131,2,5,train
132,2,6,val
133,2,7,train
134,2,8,train
135,2,9,train
136,2,10,train
137,2,11,train
138,2,13,train
139,2,14,test
140,2,15,train
141,2,16,train
142,2,17,train
143,2,20,val
144,2,21,test
145,2,22,train
146,2,24,train
147,2,25,val
148,2,26,train
149,2,29,train
150,2,30,train
151,2,31,test
152,2,32,train
153,2,34,train
154,2,36,train
155,2,37,train
156,2,38,train
157,2,39,val
158,2,40,train
159,2,41,train
160,2,42,train
161,2,43,train
162,2,44,train
163,2,47,train
164,2,48,train
165,2,49,train
166,2,50,train
167,2,51,train
168,2,54,train
169,2,55,train
170,2,56,train
171,2,58,train
172,2,59,test
173,2,60,train
174,2,61,test
175,2,62,train
176,2,63,train
177,2,64,train
178,2,65,train
179,2,66,train
180,2,67,val
181,2,68,train
182,2,69,train
183,2,70,train
184,2,72,train
185,2,74,train
186,2,76,test
187,2,77,train
188,3,1,train
189,3,2,val
190,3,3,test
191,3,4,train
192,3,5,train
193,3,6,train
194,3,7,val
195,3,8,train
196,3,9,train
197,3,10,train
198,3,11,train
199,3,13,train
200,3,14,train
201,3,15,test
202,3,16,train
203,3,17,train
204,3,18,train
205,3,20,train
206,3,21,train
207,3,22,train
208,3,23,train
209,3,24,test
210,3,25,train
211,3,26,train
212,3,27,train
213,3,29,train
214,3,30,train
215,3,31,train
216,3,32,train
217,3,34,train
218,3,36,train
219,3,37,val
220,3,38,train
221,3,39,train
222,3,40,val
223,3,41,train
224,3,42,train
225,3,43,test
226,3,44,train
227,3,47,train
228,3,48,train
229,3,49,val
230,3,50,train
231,3,51,train
232,3,52,train
233,3,54,train
234,3,55,train
235,3,56,train
236,3,57,train
237,3,58,train
238,3,59,val
239,3,60,val
240,3,61,train
241,3,62,train
242,3,63,test
243,3,64,train
244,3,65,train
245,3,66,train
246,3,67,train
247,3,68,train
248,3,69,train
249,3,70,val
250,3,71,test
251,3,72,train
252,3,74,train
253,3,76,train
254,3,77,train
255,4,1,train
256,4,2,train
257,4,3,test
258,4,4,train
259,4,5,val
260,4,6,train
261,4,7,train
262,4,8,train
263,4,9,train
264,4,10,train
265,4,11,train
266,4,13,train
267,4,14,val
268,4,17,train
269,4,18,train
270,4,20,train
271,4,21,train
272,4,23,train
273,4,26,train
274,4,27,train
275,4,31,val
276,4,32,train
277,4,34,test
278,4,36,train
279,4,37,train
280,4,38,train
281,4,39,train
282,4,40,train
283,4,41,train
284,4,42,train
285,4,43,train
286,4,44,train
287,4,47,train
288,4,48,train
289,4,49,train
290,4,50,train
291,4,51,val
292,4,52,train
293,4,54,train
294,4,55,train
295,4,56,test
296,4,58,train
297,4,59,train
298,4,60,train
299,4,61,train
300,4,62,train
301,4,63,train
302,4,64,train
303,4,65,train
304,4,66,val
305,4,67,test
306,4,68,val
307,4,69,train
308,4,74,val
309,4,76,train
310,4,77,train
311,5,1,train
312,5,2,train
313,5,3,train
314,5,4,train
315,5,5,train
316,5,6,train
317,5,7,val
318,5,8,train
319,5,9,train
320,5,13,train
321,5,14,val
322,5,15,train
323,5,17,train
324,5,20,train
325,5,22,train
326,5,23,train
327,5,24,train
328,5,26,train
329,5,27,test
330,5,29,train
331,5,30,train
332,5,31,train
333,5,32,train
334,5,34,train
335,5,36,test
336,5,37,test
337,5,38,train
338,5,40,train
339,5,41,train
340,5,42,train
341,5,44,val
342,5,47,train
343,5,48,train
344,5,49,train
345,5,50,train
346,5,51,train
347,5,54,train
348,5,55,train
349,5,56,train
350,5,64,train
351,5,67,test
352,5,69,train
353,5,72,val
354,5,74,val
355,5,76,train
356,5,77,train
357,6,1,train
358,6,2,train
359,6,3,train
360,6,4,train
361,6,5,train
362,6,8,val
363,6,10,train
364,6,13,val
365,6,15,train
366,6,20,train
367,6,21,train
368,6,23,train
369,6,24,val
370,6,25,train
371,6,30,val
372,6,31,train
373,6,36,train
374,6,37,train
375,6,38,test
376,6,39,train
377,6,42,train
378,6,43,train
379,6,44,train
380,6,58,train
381,6,59,train
382,6,62,val
383,6,63,test
384,6,65,train
385,6,66,train
386,6,67,train
387,6,68,train
388,6,69,train
389,6,70,train
390,6,72,train
391,6,74,test
392,6,76,train
393,6,77,train
394,7,1,test
395,7,2,train
396,7,3,train
397,7,4,train
398,7,5,test
399,7,6,train
400,7,7,train
401,7,8,train
402,7,9,test
403,7,10,train
404,7,11,train
405,7,13,train
406,7,16,train
407,7,17,train
408,7,18,train
409,7,20,train
410,7,21,val
411,7,22,train
412,7,23,train
413,7,24,train
414,7,25,train
415,7,26,train
416,7,27,train
417,7,29,val
418,7,30,train
419,7,31,train
420,7,32,train
421,7,34,train
422,7,36,train
423,7,37,train
424,7,38,train
425,7,39,train
426,7,40,train
427,7,41,train
428,7,42,train
429,7,43,train
430,7,44,test
431,7,47,train
432,7,48,val
433,7,49,train
434,7,50,train
435,7,51,val
436,7,52,train
437,7,54,test
438,7,55,train
439,7,56,train
440,7,57,val
441,7,58,val
442,7,59,train
443,7,60,train
444,7,61,train
445,7,62,train
446,7,63,train
447,7,64,train
448,7,65,train
449,7,66,train
450,7,67,train
451,7,68,test
452,7,69,train
453,7,70,train
454,7,71,train
455,7,72,train
456,7,74,test
457,7,76,train
458,7,77,train
459,8,1,train
460,8,2,train
461,8,3,train
462,8,4,train
463,8,5,train
464,8,6,train
465,8,7,train
466,8,9,train
467,8,10,train
468,8,13,train
469,8,14,train
470,8,15,val
471,8,16,train
472,8,17,test
473,8,18,train
474,8,20,train
475,8,21,train
476,8,22,test
477,8,23,val
478,8,24,train
479,8,25,train
480,8,26,test
481,8,27,train
482,8,29,train
483,8,31,train
484,8,32,train
485,8,34,train
486,8,36,train
487,8,37,train
488,8,38,val
489,8,39,train
490,8,40,test
491,8,41,train
492,8,42,val
493,8,43,train
494,8,44,train
495,8,47,train
496,8,48,train
497,8,49,train
498,8,50,train
499,8,51,train
500,8,52,train
501,8,54,val
502,8,55,train
503,8,56,train
504,8,57,train
505,8,58,train
506,8,59,train
507,8,60,train
508,8,62,train
509,8,63,train
510,8,64,train
511,8,65,train
512,8,66,val
513,8,67,train
514,8,68,train
515,8,69,train
516,8,70,test
517,8,71,val
518,8,72,train
519,8,74,train
520,8,76,train
521,8,77,val
522,9,1,train
523,9,2,train
524,9,3,val
525,9,4,test
526,9,5,train
527,9,6,val
528,9,7,train
529,9,8,train
530,9,9,train
531,9,11,val
532,9,13,train
533,9,14,train
534,9,15,train
535,9,16,train
536,9,17,train
537,9,18,train
538,9,20,val
539,9,21,train
540,9,22,train
541,9,23,train
542,9,24,train
543,9,26,train
544,9,27,train
545,9,29,val
546,9,30,train
547,9,31,train
548,9,34,val
549,9,36,train
550,9,37,train
551,9,38,train
552,9,39,train
553,9,40,train
554,9,41,train
555,9,43,train
556,9,44,train
557,9,47,test
558,9,48,train
559,9,49,test
560,9,50,test
561,9,51,train
562,9,52,train
563,9,54,train
564,9,55,train
565,9,56,train
566,9,57,train
567,9,58,train
568,9,59,train
569,9,61,train
570,9,62,test
571,9,63,train
572,9,64,train
573,9,65,val
574,9,66,train
575,9,67,train
576,9,68,train
577,9,69,test
578,9,70,train
579,9,71,train
580,9,72,train
581,9,74,train
582,9,76,train
583,9,77,train
584,10,1,test
585,10,2,train
586,10,3,train
587,10,4,val
588,10,5,test
589,10,6,train
590,10,7,train
591,10,8,train
592,10,9,train
593,10,10,val
594,10,11,test
595,10,13,train
596,10,14,train
597,10,15,train
598,10,16,train
599,10,17,train
600,10,18,train
601,10,20,train
602,10,21,train
603,10,22,train
604,10,23,train
605,10,24,train
606,10,25,train
607,10,26,val
608,10,27,train
609,10,29,train
610,10,30,train
611,10,31,train
612,10,32,train
613,10,34,train
614,10,36,train
615,10,37,train
616,10,38,train
617,10,39,train
618,10,40,train
619,10,41,train
620,10,42,train
621,10,43,train
622,10,44,train
623,10,47,train
624,10,48,test
625,10,49,train
626,10,50,train
627,10,51,train
628,10,52,train
629,10,54,train
630,10,55,val
631,10,56,train
632,10,57,val
633,10,58,train
634,10,59,train
635,10,60,train
636,10,61,train
637,10,62,train
638,10,63,val
639,10,64,test
640,10,65,test
641,10,66,train
642,10,67,train
643,10,68,train
644,10,69,train
645,10,70,train
646,10,71,train
647,10,72,train
648,10,74,train
649,10,76,train
650,10,77,val
651,11,1,train
652,11,2,train
653,11,3,train
654,11,4,train
655,11,5,train
656,11,6,train
657,11,7,train
658,11,8,val
659,11,9,train
660,11,10,test
661,11,11,val
662,11,13,train
663,11,14,train
664,11,15,train
665,11,16,train
666,11,17,train
667,11,18,train
668,11,20,test
669,11,21,train
670,11,22,val
671,11,23,train
672,11,24,train
673,11,25,train
674,11,26,val
675,11,27,test
676,11,29,train
677,11,30,test
678,11,31,test
679,11,32,train
680,11,34,train
681,11,36,train
682,11,37,train
683,11,38,train
684,11,41,train
685,11,43,train
686,11,44,train
687,11,47,train
688,11,48,train
689,11,49,train
690,11,50,train
691,11,51,test
692,11,52,train
693,11,54,train
694,11,55,train
695,11,56,train
696,11,57,train
697,11,58,train
698,11,59,train
699,11,60,train
700,11,61,train
701,11,62,train
702,11,63,train
703,11,64,val
704,11,65,val
705,11,66,train
706,11,67,train
707,11,68,train
708,11,69,train
709,11,70,train
710,11,71,test
711,11,72,train
712,11,74,train
713,11,76,train
714,11,77,train
715,12,1,train
716,12,2,train
717,12,3,train
718,12,4,train
719,12,5,train
720,12,6,train
721,12,7,train
722,12,8,train
723,12,9,train
724,12,10,train
725,12,11,train
726,12,13,test
727,12,14,train
728,12,15,train
729,12,16,train
730,12,17,train
731,12,18,val
732,12,20,train
733,12,21,train
734,12,22,train
735,12,23,train
736,12,25,train
737,12,26,train
738,12,27,train
739,12,29,test
740,12,30,train
741,12,31,train
742,12,32,test
743,12,34,train
744,12,36,train
745,12,37,train
746,12,38,train
747,12,39,train
748,12,41,train
749,12,42,val
750,12,43,val
751,12,44,train
752,12,47,val
753,12,48,test
754,12,49,train
755,12,50,test
756,12,51,train
757,12,52,train
758,12,54,val
759,12,55,test
760,12,56,train
761,12,57,train
762,12,58,train
763,12,59,train
764,12,61,train
765,12,62,val
766,12,63,train
767,12,64,train
768,12,65,train
769,12,66,train
770,12,67,train
771,12,68,train
772,12,69,train
773,12,70,train
774,12,71,train
775,12,72,test
776,12,74,train
777,12,76,train
778,12,77,train
779,13,1,val
780,13,2,test
781,13,3,train
782,13,4,train
783,13,5,train
784,13,6,train
785,13,7,test
786,13,8,train
787,13,9,train
788,13,10,train
789,13,13,test
790,13,14,train
791,13,15,train
792,13,16,train
793,13,17,train
794,13,18,train
795,13,20,test
796,13,21,train
797,13,22,train
798,13,23,test
799,13,24,train
800,13,25,train
801,13,26,train
802,13,27,train
803,13,29,train
804,13,30,train
805,13,31,train
806,13,32,train
807,13,34,train
808,13,36,train
809,13,37,val
810,13,38,train
811,13,39,train
812,13,40,train
813,13,42,test
814,13,43,train
815,13,44,train
816,13,47,val
817,13,48,train
818,13,49,train
819,13,50,train
820,13,51,train
821,13,52,train
822,13,54,train
823,13,55,val
824,13,56,val
825,13,57,train
826,13,58,train
827,13,59,train
828,13,60,val
829,13,61,train
830,13,62,train
831,13,63,train
832,13,64,train
833,13,65,train
834,13,66,train
835,13,67,train
836,13,68,train
837,13,69,train
838,13,70,train
839,13,71,train
840,13,72,val
841,13,74,train
842,13,76,train
843,13,77,train
844,14,1,train
845,14,2,train
846,14,3,train
847,14,4,train
848,14,6,train
849,14,7,train
850,14,8,train
851,14,9,train
852,14,10,train
853,14,13,val
854,14,14,train
855,14,15,train
856,14,16,train
857,14,17,train
858,14,18,train
859,14,21,train
860,14,22,val
861,14,23,train
862,14,24,train
863,14,25,train
864,14,26,test
865,14,27,val
866,14,29,test
867,14,30,train
868,14,31,val
869,14,34,train
870,14,36,val
871,14,37,train
872,14,38,train
873,14,40,train
874,14,41,train
875,14,42,train
876,14,43,train
877,14,44,train
878,14,47,train
879,14,48,train
880,14,49,train
881,14,50,val
882,14,51,train
883,14,52,val
884,14,54,train
885,14,55,train
886,14,56,train
887,14,57,train
888,14,58,train
889,14,59,test
890,14,60,train
891,14,61,train
892,14,62,train
893,14,63,train
894,14,64,val
895,14,65,train
896,14,66,test
897,14,67,train
898,14,68,train
899,14,69,val
900,14,70,train
901,14,71,train
902,14,72,train
903,14,74,train
904,14,76,test
905,14,77,test
906,15,1,train
907,15,2,train
908,15,3,val
909,15,4,train
910,15,5,train
911,15,6,train
912,15,7,train
913,15,8,test
914,15,9,val
915,15,10,val
916,15,11,train
917,15,13,train
918,15,16,train
919,15,17,train
920,15,18,train
921,15,20,train
922,15,21,train
923,15,22,train
924,15,23,test
925,15,24,val
926,15,25,train
927,15,26,train
928,15,27,train
929,15,29,train
930,15,30,train
931,15,31,train
932,15,32,train
933,15,34,train
934,15,36,val
935,15,37,train
936,15,38,train
937,15,39,train
938,15,40,train
939,15,41,val
940,15,42,train
941,15,43,test
942,15,44,train
943,15,47,train
944,15,48,train
945,15,49,test
946,15,50,train
947,15,51,test
948,15,52,train
949,15,54,train
950,15,55,train
951,15,56,train
952,15,57,test
953,15,58,val
954,15,59,train
955,15,60,train
956,15,61,train
957,15,62,train
958,15,63,train
959,15,64,train
960,15,65,train
961,15,66,train
962,15,67,train
963,15,68,train
964,15,69,train
965,15,70,train
966,15,71,train
967,15,72,train
968,15,74,train
969,15,76,train
970,15,77,train
971,16,1,train
972,16,2,test
973,16,3,train
974,16,4,train
975,16,5,train
976,16,6,train
977,16,7,train
978,16,8,train
979,16,9,train
980,16,10,train
981,16,11,train
982,16,13,train
983,16,14,train
984,16,15,train
985,16,16,train
986,16,17,train
987,16,18,test
988,16,20,train
989,16,21,train
990,16,22,train
991,16,23,train
992,16,24,train
993,16,25,train
994,16,26,train
995,16,27,train
996,16,29,train
997,16,30,val
998,16,31,train
999,16,32,train
1000,16,34,val
1001,16,36,train
1002,16,37,train
1003,16,38,train
1004,16,40,train
1005,16,41,test
1006,16,42,train
1007,16,43,train
1008,16,44,train
1009,16,47,train
1010,16,48,train
1011,16,49,val
1012,16,50,val
1013,16,51,train
1014,16,52,train
1015,16,54,train
1016,16,55,train
1017,16,56,train
1018,16,57,train
1019,16,58,test
1020,16,59,train
1021,16,61,train
1022,16,62,train
1023,16,63,train
1024,16,64,train
1025,16,65,train
1026,16,66,test
1027,16,67,train
1028,16,68,val
1029,16,69,test
1030,16,70,val
1031,16,72,train
1032,16,74,train
1033,16,76,train
1034,16,77,test
1035,17,1,train
1036,17,2,train
1037,17,3,train
1038,17,4,test
1039,17,5,train
1040,17,6,train
1041,17,7,train
1042,17,9,train
1043,17,10,train
1044,17,11,train
1045,17,13,train
1046,17,14,train
1047,17,15,val
1048,17,16,val
1049,17,17,train
1050,17,18,train
1051,17,20,train
1052,17,21,test
1053,17,23,val
1054,17,24,train
1055,17,25,test
1056,17,26,train
1057,17,27,train
1058,17,29,train
1059,17,30,train
1060,17,31,train
1061,17,32,val
1062,17,34,train
1063,17,36,test
1064,17,37,train
1065,17,38,train
1066,17,39,train
1067,17,40,val
1068,17,41,val
1069,17,42,train
1070,17,43,train
1071,17,44,train
1072,17,47,train
1073,17,48,train
1074,17,49,train
1075,17,50,train
1076,17,51,train
1077,17,52,test
1078,17,54,train
1079,17,55,train
1080,17,56,train
1081,17,57,train
1082,17,58,train
1083,17,59,train
1084,17,60,train
1085,17,61,train
1086,17,62,train
1087,17,63,train
1088,17,64,test
1089,17,65,train
1090,17,66,train
1091,17,67,train
1092,17,68,train
1093,17,69,val
1094,17,70,train
1095,17,71,train
1096,17,72,train
1097,17,74,train
1098,17,76,val
1099,17,77,train
1100,18,1,train
1101,18,2,train
1102,18,3,train
1103,18,4,train
1104,18,5,train
1105,18,6,test
1106,18,7,train
1107,18,8,train
1108,18,9,val
1109,18,10,train
1110,18,11,train
1111,18,13,train
1112,18,14,train
1113,18,16,test
1114,18,17,val
1115,18,18,train
1116,18,20,train
1117,18,21,train
1118,18,22,train
1119,18,23,train
1120,18,24,train
1121,18,25,train
1122,18,26,train
1123,18,27,train
1124,18,29,train
1125,18,30,train
1126,18,31,train
1127,18,32,train
1128,18,34,train
1129,18,36,train
1130,18,37,test
1131,18,38,val
1132,18,39,train
1133,18,40,train
1134,18,41,train
1135,18,42,train
1136,18,43,train
1137,18,44,val
1138,18,47,test
1139,18,48,train
1140,18,49,train
1141,18,50,train
1142,18,51,train
1143,18,52,train
1144,18,54,train
1145,18,55,train
1146,18,56,train
1147,18,58,test
1148,18,59,train
1149,18,60,test
1150,18,61,val
1151,18,62,train
1152,18,63,train
1153,18,64,train
1154,18,65,train
1155,18,67,train
1156,18,68,train
1157,18,69,train
1158,18,70,test
1159,18,71,train
1160,18,72,train
1161,18,74,train
1162,18,76,val
1163,18,77,train
1164,19,1,train
1165,19,2,val
1166,19,3,train
1167,19,4,train
1168,19,5,train
1169,19,6,test
1170,19,7,train
1171,19,8,train
1172,19,9,test
1173,19,10,train
1174,19,11,train
1175,19,13,train
1176,19,14,train
1177,19,15,train
1178,19,16,train
1179,19,17,train
1180,19,18,val
1181,19,20,train
1182,19,21,train
1183,19,22,train
1184,19,23,train
1185,19,24,train
1186,19,26,train
1187,19,27,train
1188,19,29,train
1189,19,30,test
1190,19,31,train
1191,19,32,train
1192,19,34,train
1193,19,36,train
1194,19,37,train
1195,19,38,train
1196,19,39,val
1197,19,41,test
1198,19,42,train
1199,19,43,train
1200,19,44,train
1201,19,47,train
1202,19,48,train
1203,19,49,train
1204,19,50,train
1205,19,51,train
1206,19,52,val
1207,19,54,train
1208,19,55,test
1209,19,56,val
1210,19,57,train
1211,19,58,train
1212,19,59,val
1213,19,60,train
1214,19,61,train
1215,19,62,train
1216,19,63,train
1217,19,64,train
1218,19,65,test
1219,19,66,train
1220,19,67,train
1221,19,68,train
1222,19,69,train
1223,19,70,train
1224,19,71,train
1225,19,72,test
1226,19,74,train
1227,19,76,train
1228,19,77,train
