video,frame_idx,left_hand_detected,right_hand_detected,roi_rescued_count,mean_pose_visibility,mediapipe_ms
webcam_20260523_203425,185,False,False,0,0.393391877412796,69.00080014020205
webcam_20260523_203425,186,False,False,0,0.3936249911785126,65.51989982835948
webcam_20260523_203425,187,False,False,0,0.39357900619506836,68.91630007885396
webcam_20260523_203425,188,True,False,0,0.40757128596305847,71.94110006093979
webcam_20260523_203425,189,True,False,0,0.42431747913360596,73.51740007288754
webcam_20260523_203425,190,True,False,0,0.44445496797561646,80.54280001670122
webcam_20260523_203425,191,True,True,0,0.4617399275302887,86.96320001035929
webcam_20260523_203425,192,True,True,0,0.47835928201675415,74.03100002557039
webcam_20260523_203425,193,True,True,0,0.4928654134273529,83.55079987086356
webcam_20260523_203425,194,True,True,0,0.505601167678833,81.76089986227453
webcam_20260523_203425,195,True,True,0,0.5162674188613892,79.733100021258
webcam_20260523_203425,196,True,True,0,0.5256978273391724,74.45199997164309
webcam_20260523_203425,197,True,True,0,0.5343230366706848,82.15120015665889
webcam_20260523_203425,198,True,True,0,0.5395194888114929,78.16649996675551
webcam_20260523_203425,199,True,False,0,0.5323450565338135,73.52620013989508
webcam_20260523_203425,200,True,False,0,0.5301015377044678,78.75029998831451
webcam_20260523_203425,201,True,True,0,0.521280825138092,78.14730005338788
webcam_20260523_203425,202,True,True,0,0.5217218995094299,80.77480015344918
webcam_20260523_203425,203,True,True,0,0.5204395651817322,71.31289993412793
webcam_20260523_203425,204,True,True,0,0.5209147930145264,71.49000000208616
webcam_20260523_203425,205,True,True,0,0.5255342125892639,69.81069990433753
webcam_20260523_203425,206,True,True,0,0.533096194267273,70.92020008713007
webcam_20260523_203425,207,True,True,0,0.5406720042228699,72.24090001545846
webcam_20260523_203425,208,True,True,0,0.5512477159500122,77.04060012474656
webcam_20260523_203425,209,True,True,0,0.5616625547409058,69.70719993114471
webcam_20260523_203425,210,True,True,0,0.5691919326782227,71.20489981025457
webcam_20260523_203425,211,True,True,0,0.5776621103286743,76.2723998632282
webcam_20260523_203425,212,True,True,0,0.5856965184211731,74.0730999968946
webcam_20260523_203425,213,True,True,0,0.592529833316803,69.20980010181665
webcam_20260523_203425,214,True,True,0,0.5981826186180115,77.23579998128116
webcam_20260523_203425,215,True,True,0,0.6039134860038757,68.85839998722076
webcam_20260523_203425,216,True,True,0,0.609153151512146,70.49409998580813
webcam_20260523_203425,217,True,True,0,0.6132838726043701,70.99370006471872
webcam_20260523_203425,218,True,True,0,0.6175701022148132,67.2371000982821
webcam_20260523_203425,219,True,True,0,0.6214571595191956,70.3308000229299
webcam_20260523_203425,220,True,True,0,0.624729335308075,72.46679998934269
webcam_20260523_203425,221,True,True,0,0.627683162689209,74.08950012177229
webcam_20260523_203425,222,True,True,0,0.6305984854698181,69.69569995999336
webcam_20260523_203425,223,True,True,0,0.6322316527366638,69.6853999979794
webcam_20260523_203425,224,True,True,0,0.6349168419837952,69.93320002220571
webcam_20260523_203425,225,True,True,0,0.6355434656143188,74.60429985076189
webcam_20260523_203425,226,True,True,0,0.637067973613739,69.96250012889504
webcam_20260523_203425,227,True,True,0,0.638003408908844,70.6269999500364
webcam_20260523_203425,228,True,True,0,0.638656735420227,71.85179996304214
webcam_20260523_203425,229,True,True,0,0.6389089226722717,68.97870008833706
webcam_20260523_203425,230,True,True,0,0.6402974128723145,73.86039989069104
webcam_20260523_203425,231,True,True,0,0.640828549861908,69.560999982059
webcam_20260523_203425,232,True,True,0,0.6422247886657715,76.48189994506538
webcam_20260523_203425,233,True,True,0,0.6428712010383606,68.67269985377789
webcam_20260523_203425,234,True,True,0,0.6426011919975281,71.6384002007544
webcam_20260523_203425,235,True,True,0,0.6425288915634155,73.51330015808344
webcam_20260523_203425,236,True,True,0,0.6421094536781311,69.64419991709292
webcam_20260523_203425,237,True,True,0,0.642004132270813,74.99450002796948
webcam_20260523_203425,238,True,True,0,0.6425153613090515,79.35180002823472
webcam_20260523_203425,239,True,True,0,0.6436266899108887,79.45879991166294
webcam_20260523_203425,240,True,True,0,0.6444106101989746,69.43870009854436
webcam_20260523_203425,241,True,True,0,0.6430277228355408,74.53300012275577
webcam_20260523_203425,242,True,True,0,0.6436071395874023,79.1342998854816
webcam_20260523_203425,243,True,True,0,0.643895149230957,67.94480001553893
webcam_20260523_203425,244,True,True,0,0.6442410349845886,74.5137999765575
webcam_20260523_203425,245,True,True,0,0.6438161134719849,74.8483999632299
webcam_20260523_203425,246,True,True,0,0.6424340009689331,73.32989992573857
webcam_20260523_203425,247,True,True,0,0.6412670612335205,71.1457000579685
webcam_20260523_203425,248,True,True,0,0.6408026814460754,72.60269997641444
webcam_20260523_203425,249,True,True,0,0.6405971646308899,77.90959998965263
webcam_20260523_203425,250,True,True,0,0.6402449607849121,68.48849984817207
webcam_20260523_203425,251,True,True,0,0.6399199366569519,73.86779994703829
webcam_20260523_203425,252,True,True,0,0.6401181817054749,69.43119992502034
webcam_20260523_203425,253,True,True,0,0.6403087973594666,71.65350019931793
webcam_20260523_203425,254,True,True,0,0.6407739520072937,70.98480011336505
webcam_20260523_203425,255,True,True,0,0.6416014432907104,76.41390012577176
webcam_20260523_203425,256,True,True,0,0.6342630386352539,77.32959999702871
webcam_20260523_203425,257,True,True,0,0.6271482706069946,78.24589987285435
webcam_20260523_203425,258,True,True,0,0.6262521147727966,68.31190013326705
webcam_20260523_203425,259,True,True,0,0.6260342001914978,72.26080005057156
webcam_20260523_203425,260,True,True,0,0.6266381144523621,68.06600000709295
webcam_20260523_203425,261,True,True,0,0.6256071329116821,70.34730003215373
webcam_20260523_203425,262,True,True,0,0.626646101474762,71.72590005211532
webcam_20260523_203425,263,True,True,0,0.6278900504112244,77.50209979712963
webcam_20260523_203425,264,True,True,0,0.6289271116256714,71.84109999798238
webcam_20260523_203425,265,True,True,0,0.6283330321311951,73.17670015618205
webcam_20260523_203425,266,True,True,0,0.6272580027580261,70.50989987328649
webcam_20260523_203425,267,True,True,0,0.6198362112045288,70.33469993621111
webcam_20260523_203425,268,True,True,0,0.620151162147522,77.5983000639826
webcam_20260523_203425,269,True,True,0,0.6181643009185791,75.03159996122122
webcam_20260523_203425,270,True,True,0,0.6204925179481506,76.81069988757372
webcam_20260523_203425,271,True,True,0,0.6235159635543823,68.41069995425642
webcam_20260523_203425,272,True,True,0,0.6254708766937256,74.43200005218387
webcam_20260523_203425,273,True,True,0,0.6271994113922119,70.55179984308779
webcam_20260523_203425,274,True,True,0,0.6302428245544434,76.20090013369918
webcam_20260523_203425,275,True,True,0,0.632049560546875,80.74590004980564
webcam_20260523_203425,276,True,True,0,0.6338432431221008,68.7436000443995
webcam_20260523_203425,277,True,True,0,0.6355694532394409,69.72680008038878
webcam_20260523_203425,278,True,True,0,0.6374262571334839,70.54679980501533
webcam_20260523_203425,279,True,True,0,0.6390376091003418,77.62900018133223
webcam_20260523_203425,280,True,True,0,0.6412516236305237,70.35369984805584
webcam_20260523_203425,281,True,True,0,0.6426280736923218,73.298400035128
webcam_20260523_203425,282,True,True,0,0.6434741616249084,71.99309999123216
webcam_20260523_203425,283,True,True,0,0.6447423696517944,69.31050005368888
webcam_20260523_203425,284,True,True,0,0.6462967991828918,71.28480006940663
webcam_20260523_203425,285,True,True,0,0.6480059027671814,70.72249986231327
webcam_20260523_203425,286,True,True,0,0.6501203179359436,70.13340014964342
webcam_20260523_203425,287,True,True,0,0.6518408060073853,76.7709999345243
webcam_20260523_203425,288,True,True,0,0.6529688239097595,78.59609997831285
webcam_20260523_203425,289,True,True,0,0.654182493686676,73.08689993806183
webcam_20260523_203425,290,True,True,0,0.6552110910415649,77.88660004734993
webcam_20260523_203425,291,True,True,0,0.6559591293334961,68.8007001299411
webcam_20260523_203425,292,True,True,0,0.6567729711532593,70.19450003281236
webcam_20260523_203425,293,True,True,0,0.6575700640678406,70.35359996370971
webcam_20260523_203425,294,True,True,0,0.6570257544517517,69.69200004823506
webcam_20260523_203425,295,True,True,0,0.6572269201278687,72.3954001441598
webcam_20260523_203425,296,True,True,0,0.6575777530670166,72.17870000749826
webcam_20260523_203425,297,True,True,0,0.6572622060775757,71.2217001710087
webcam_20260523_203425,298,True,True,0,0.6578512191772461,71.91439997404814
webcam_20260523_203425,299,True,True,0,0.659083366394043,74.62550001218915
webcam_20260523_203425,300,True,True,0,0.6593002080917358,79.65520001016557
webcam_20260523_203425,301,True,True,0,0.6595703959465027,74.89549997262657
webcam_20260523_203425,302,True,True,0,0.6596482396125793,77.41040014661849
webcam_20260523_203425,303,True,True,0,0.6594007015228271,79.448799835518
webcam_20260523_203425,304,True,True,0,0.6590437293052673,68.88839998282492
webcam_20260523_203425,305,True,True,0,0.6581050753593445,72.7192999329418
